para,label
"[-5.99260315e+02  5.30330315e+01 -9.83530140e+00  9.40046406e+00
 -4.98440742e+00  2.40553474e+00 -1.55293922e+01 -5.46014071e+00
 -1.43017521e+01 -5.93659353e+00 -3.53338552e+00 -4.39077425e+00
 -4.36546564e+00 -1.53836858e+00 -8.80753422e+00  1.02889347e+00
 -9.06821346e+00 -1.52784061e+00 -4.09466505e+00 -3.85637617e+00
 -6.21353006e+00 -2.29107928e+00 -4.52339602e+00 -4.06523848e+00
 -3.57221842e+00 -1.47317529e+00 -1.96464956e+00  2.54054379e+00
  1.14935911e+00  7.08324015e-01 -1.81262136e+00 -1.92672014e+00
 -1.13827324e+00  8.19765508e-01  1.83780348e+00  4.72514439e+00
  3.00497079e+00  5.00106327e-02 -6.81706488e-01 -1.36187136e+00
  4.50462878e-01  5.22485614e-01  5.46331227e-01  4.47947323e-01
  5.14102042e-01  5.55319548e-01  5.54396212e-01  5.23587465e-01
  4.41024244e-01  4.27330971e-01  5.33335984e-01  4.99350727e-01
  2.02411040e+01  1.37914517e+01  1.61740143e+01  1.59664895e+01
  1.69325662e+01  1.66128180e+01  3.90445843e+01]",happy
"[-5.56045105e+02  4.60258141e+01 -9.27028179e+00  1.13141899e+01
 -3.85192943e+00  4.63842511e-01 -1.03391972e+01 -4.01963806e+00
 -1.48613405e+01 -3.45866013e+00 -4.28728199e+00 -3.80234194e+00
 -4.57633257e+00 -8.89429688e-01 -8.91284370e+00  1.29335105e+00
 -9.96709251e+00 -3.45873666e+00 -4.19766045e+00 -3.17073560e+00
 -6.59469652e+00 -2.05091453e+00 -4.78766203e+00 -5.09717178e+00
 -2.36521697e+00 -1.61653042e-01 -2.67298937e+00  3.23636508e+00
 -1.97308525e-01  1.40833688e+00  1.91927925e-01  2.56012768e-01
  9.97429863e-02 -1.98863363e+00 -1.90773344e+00 -6.27125502e-01
  1.67263627e-01 -1.28365672e+00 -8.35120261e-01 -1.72484326e+00
  5.85886300e-01  5.62959075e-01  5.54275930e-01  5.08980513e-01
  5.46090603e-01  6.07298255e-01  4.78439480e-01  4.45331573e-01
  4.92614895e-01  5.18610001e-01  5.90065122e-01  6.47042930e-01
  1.78970586e+01  1.16594466e+01  1.41107537e+01  1.42772621e+01
  1.49757531e+01  1.61043315e+01  3.73287124e+01]",happy
"[-5.75817017e+02  5.03382988e+01 -9.03555489e+00  9.54426765e+00
 -3.91922498e+00  2.55319405e+00 -1.17702961e+01 -6.67983198e+00
 -1.42052326e+01 -2.51453114e+00 -3.99100876e+00 -3.33865499e+00
 -4.02546930e+00 -1.81828487e+00 -9.71167469e+00  2.71419215e+00
 -1.02877474e+01 -5.10200453e+00 -3.40036368e+00 -1.33786905e+00
 -8.70142269e+00 -3.91867876e+00 -2.92540383e+00 -5.58553123e+00
 -4.06947851e+00 -2.09954172e-01 -2.42269301e+00  3.40944119e-02
 -1.52599168e+00 -3.48609775e-01  2.06319714e+00  3.48824787e+00
  3.16159797e+00  3.50608039e+00 -5.19178987e-01  2.40483299e-01
  9.06085074e-01  1.20378411e+00  4.56800163e-01  4.36015904e-01
  6.01785362e-01  5.94619453e-01  5.14194846e-01  5.06509423e-01
  5.71359754e-01  6.17494226e-01  5.71295202e-01  6.04280829e-01
  6.25598252e-01  6.29074514e-01  5.68714380e-01  5.77958345e-01
  1.92968080e+01  1.23437207e+01  1.49025612e+01  1.48345194e+01
  1.58654505e+01  1.67428217e+01  3.77432468e+01]",happy
"[-6.08067688e+02  5.51293716e+01 -9.47490883e+00  1.25687037e+01
  1.94574237e-01  1.16324449e+00 -1.16969528e+01 -2.74597669e+00
 -1.44260569e+01 -1.47721386e+00 -2.63733649e+00 -4.94728518e+00
 -2.56177425e+00 -1.31388891e+00 -7.19429350e+00  2.79432178e+00
 -1.04894924e+01 -2.66512895e+00 -4.71028280e+00 -3.19352961e+00
 -6.75558186e+00 -1.41081202e+00 -5.14880371e+00 -5.69240808e+00
 -3.32759380e+00 -1.82663763e+00 -5.49497938e+00 -8.31032395e-02
 -2.45460582e+00 -3.83682340e-01 -1.10188937e+00 -2.46503890e-01
 -1.45505816e-01 -9.96186137e-01 -6.05323613e-01  1.31413296e-01
  6.89932168e-01 -5.29331565e-01 -1.54704833e+00 -1.34921896e+00
  5.74326873e-01  6.25681460e-01  5.82491457e-01  5.58480382e-01
  5.47368765e-01  5.52691638e-01  5.29472947e-01  5.79147935e-01
  6.08651519e-01  6.06673181e-01  6.32830739e-01  6.05229259e-01
  1.89542992e+01  1.11867437e+01  1.34702940e+01  1.35896507e+01
  1.46681717e+01  1.62490588e+01  3.78482515e+01]",happy
"[-4.30583862e+02  5.01038094e+01 -2.03601055e+01  3.72222066e+00
 -5.47724819e+00  6.59522438e+00 -1.80102825e+01 -1.11790562e+01
 -2.12217216e+01 -5.63772011e+00 -1.34559393e+00 -4.01166725e+00
 -1.05671721e+01 -3.13436651e+00 -6.65182209e+00  6.41943455e+00
 -1.06659336e+01 -4.53768778e+00 -2.60637808e+00 -2.77671885e+00
 -7.39355183e+00 -3.03501815e-01 -9.15872991e-01  2.30707908e+00
  2.42185998e+00  7.62116003e+00  4.00126743e+00  7.10140371e+00
  5.19983768e+00  3.57522273e+00  4.59353924e+00  2.71493721e+00
  1.88160717e+00  1.48703349e+00 -5.98119974e-01  4.02814054e+00
  2.02388453e+00  5.62536180e-01 -1.12605071e+00  1.97261930e-01
  3.90821636e-01  3.72816235e-01  3.25968355e-01  3.26889277e-01
  4.54825908e-01  5.19489825e-01  4.36551213e-01  4.91776645e-01
  4.14107829e-01  3.53341728e-01  3.98973227e-01  3.53761703e-01
  1.93800456e+01  1.68067557e+01  1.81527828e+01  1.76693290e+01
  1.83970187e+01  1.80126831e+01  3.94077158e+01]",panic
"[-4.06645477e+02  4.63847542e+01 -2.12236576e+01  4.05490220e-01
 -1.62503481e+00  3.20042467e+00 -1.46930361e+01 -1.18572149e+01
 -2.02125759e+01 -4.46080875e+00 -7.10791636e+00 -6.79163742e+00
 -8.61787796e+00 -3.22594619e+00 -4.77998590e+00  4.51928902e+00
 -9.98202801e+00 -5.65792084e+00 -2.64799285e+00 -2.48542428e+00
 -6.75922680e+00 -1.24232829e+00  8.24615121e-01  3.75469708e+00
  4.90824318e+00  7.79505014e+00  3.26554704e+00  4.42348766e+00
  3.49044585e+00  3.99310136e+00  7.20423698e+00  3.93942809e+00
  1.44674468e+00 -1.16787541e+00 -1.65392733e+00  1.55757153e+00
  3.73523951e+00  4.48265672e-01 -1.84209621e+00 -2.16794896e+00
  3.18427056e-01  3.88750672e-01  3.40163678e-01  2.95570463e-01
  3.88992548e-01  4.58237559e-01  3.75045896e-01  4.74207282e-01
  5.10673642e-01  3.88738424e-01  3.98924768e-01  3.30404341e-01
  1.71254757e+01  1.68996255e+01  1.84621897e+01  1.81448317e+01
  1.89361584e+01  1.84563433e+01  3.92988174e+01]",panic
"[-4.42940247e+02  5.75480385e+01 -1.78317966e+01  1.03605080e+01
 -3.31222486e+00  1.08291006e+01 -1.03988266e+01 -7.52731085e+00
 -1.91291046e+01  2.21837950e+00 -1.78520203e+00 -1.21092619e-02
 -3.97865081e+00  8.31643641e-01 -2.51617861e+00  1.12418661e+01
 -4.22556448e+00 -2.11392188e+00 -3.02103090e+00 -9.18078005e-01
 -5.61629009e+00  2.46628213e+00 -1.83014381e+00  2.08807874e+00
  9.82749403e-01  5.08343601e+00  6.88268423e-01  4.56339169e+00
  3.21002173e+00  1.42649734e+00  6.04740047e+00  4.24564409e+00
  3.04958987e+00  1.92662966e+00 -2.26881933e+00  1.04771209e+00
  4.22737551e+00  3.35928774e+00  1.06158936e+00  5.83029129e-02
  3.58055502e-01  4.01432365e-01  4.01044488e-01  3.99239570e-01
  5.24710357e-01  6.13501370e-01  4.53869313e-01  4.64706451e-01
  4.96675730e-01  4.25791144e-01  3.73666823e-01  3.81801218e-01
  1.80921606e+01  1.47495628e+01  1.64864237e+01  1.65749344e+01
  1.72558222e+01  1.82161950e+01  3.93727832e+01]",panic
"[-6.27014160e+02  6.47025604e+01 -7.57855320e+00  1.95759220e+01
  2.67390275e+00  3.92943954e+00 -7.77113724e+00 -6.88834620e+00
 -1.40625410e+01  2.68446112e+00 -4.05298853e+00  1.70825601e+00
 -2.43740702e+00 -1.00578856e+00 -1.22225571e+00  2.74755836e+00
 -4.63684082e+00 -1.78160000e+00 -1.50085318e+00  2.82339907e+00
 -7.80354834e+00  1.22980344e+00 -3.43839192e+00 -3.09283710e+00
 -2.44358683e+00 -1.35648131e+00 -4.93551636e+00  2.54945427e-01
 -3.55224848e+00 -1.25920248e+00 -2.17202616e+00 -9.65192139e-01
 -3.77152562e+00 -2.84830856e+00 -4.09465551e+00 -1.60809457e+00
  3.51276388e-03 -2.77806425e+00 -2.65237021e+00 -3.65755606e+00
  6.32475257e-01  5.64643800e-01  4.98927176e-01  4.83270973e-01
  4.58857775e-01  4.76586342e-01  5.38549006e-01  6.03327870e-01
  5.26695073e-01  4.75167334e-01  5.29393554e-01  6.29404902e-01
  2.13417017e+01  1.40241300e+01  1.60653256e+01  1.53075979e+01
  1.60929273e+01  1.78196021e+01  3.93377134e+01]",wondering
"[-6.72387573e+02  6.59770126e+01 -2.61400890e+00  2.02917080e+01
  4.43406487e+00  1.42829835e+00 -4.06452703e+00 -4.47248650e+00
 -1.22765436e+01  1.17985666e+00 -4.94562387e+00 -3.09737146e-01
 -2.25807238e+00 -3.18172622e+00 -3.11840868e+00  2.55320072e+00
 -6.28050137e+00 -1.99503791e+00 -3.49083591e+00  5.20465016e-01
 -5.54338503e+00 -7.22259223e-01 -2.57898688e+00 -4.85037470e+00
 -1.91974676e+00 -1.05401552e+00 -3.29919958e+00  2.11829349e-01
 -1.33786666e+00 -7.04511225e-01 -2.25870299e+00 -1.57336354e+00
 -2.47142959e+00 -2.46475887e+00 -3.29566550e+00 -2.03422189e+00
 -1.38071346e+00 -3.41976881e+00 -2.05645967e+00 -3.97951484e+00
  5.98043978e-01  5.11777699e-01  4.72076982e-01  4.80063379e-01
  5.34882784e-01  5.02720654e-01  5.08757591e-01  5.45263827e-01
  5.65488219e-01  6.45074964e-01  6.69166565e-01  6.29843235e-01
  2.10800348e+01  1.25967317e+01  1.58328312e+01  1.47201071e+01
  1.54696750e+01  1.71268010e+01  3.81288442e+01]",wondering
"[-5.95369385e+02  4.92433243e+01 -8.46257973e+00  1.17456179e+01
 -3.38019300e+00 -3.16929042e-01 -1.04559870e+01 -5.85061502e+00
 -1.81629009e+01  6.89253151e-01 -5.82730627e+00 -2.79938030e+00
 -3.64834929e+00 -3.02107716e+00 -7.74579763e+00  2.13889098e+00
 -1.12286530e+01 -1.59988236e+00 -2.78291297e+00 -2.15743065e+00
 -8.35566616e+00 -1.44662571e+00 -7.28634787e+00 -4.40213823e+00
 -4.24565077e+00 -2.81667089e+00 -3.21468854e+00 -2.04729772e+00
 -3.79874897e+00 -1.22993910e+00 -2.55666494e+00 -2.53390980e+00
 -2.78230715e+00 -3.39239383e+00 -3.29356980e+00 -1.49007833e+00
  2.25704275e-02 -5.55867791e-01 -6.67166829e-01  8.52420926e-01
  5.62236547e-01  6.02217019e-01  6.02420807e-01  5.94554007e-01
  5.82467616e-01  6.01696491e-01  5.28374195e-01  5.57493687e-01
  5.37319481e-01  5.52883208e-01  5.58007598e-01  5.55301368e-01
  2.01265485e+01  1.20643456e+01  1.42715963e+01  1.45156397e+01
  1.50950712e+01  1.68262726e+01  3.90083285e+01]",wondering
"[-3.52391449e+02  3.46051445e+01 -2.47182503e+01  5.45436382e+00
 -1.59234533e+01  8.18281472e-02 -1.71370163e+01 -9.36439228e+00
 -1.75464020e+01 -4.69419336e+00 -9.15095329e+00 -1.68116748e+00
 -1.01625996e+01 -2.99527502e+00 -6.62579012e+00  1.69339418e+00
 -9.64465523e+00  4.01092339e+00  5.04070759e-01  5.10023832e+00
  2.06729221e+00  5.68054390e+00  3.33785105e+00  1.59465933e+00
 -1.61763847e-01  9.95586991e-01 -2.16315436e+00  2.62275743e+00
  2.06751442e+00 -1.11326194e+00  1.96194753e-01 -9.34778690e-01
  1.95623589e+00  4.93681319e-02 -1.95718813e+00  1.60219944e+00
  2.52362442e+00  6.88903689e-01 -1.62107897e+00 -1.38268161e+00
  3.80906522e-01  4.42745626e-01  4.65296805e-01  5.15820920e-01
  5.41069388e-01  5.28845727e-01  4.99335200e-01  5.93582273e-01
  5.24272740e-01  4.42353338e-01  4.69507158e-01  4.32895452e-01
  1.51610472e+01  1.63975278e+01  1.77530568e+01  1.68101380e+01
  1.76698805e+01  1.67324036e+01  3.93147414e+01]",angry
"[-3.72484039e+02  2.82077579e+01 -2.45850067e+01  8.97985935e+00
 -1.58881025e+01  9.84106287e-02 -1.75672226e+01 -2.87586117e+00
 -2.17529449e+01 -4.45182180e+00 -9.15001011e+00 -4.26340580e+00
 -8.64709187e+00 -2.22097412e-01 -8.64479637e+00 -2.36983523e-02
 -1.41805439e+01 -3.28742909e+00 -7.89330912e+00 -6.09759665e+00
 -7.63882065e+00  2.06644163e-01 -2.34486985e+00  2.76759338e+00
  4.11022472e+00  4.72556067e+00  7.06054032e-01  3.46254516e+00
 -2.16917205e+00  1.01165211e+00  3.81290174e+00  2.03943396e+00
 -3.78896832e-01 -8.96921635e-01 -1.67588830e+00  1.49138534e+00
  2.21833587e+00  6.64856434e-01 -1.13958263e+00 -1.00015485e+00
  3.35842043e-01  4.00927156e-01  3.74758065e-01  3.09798926e-01
  4.50120538e-01  5.44773042e-01  3.64659429e-01  2.92565584e-01
  3.48605931e-01  3.51443857e-01  3.76648635e-01  3.73398870e-01
  1.90303395e+01  1.63886523e+01  1.88148181e+01  1.83050379e+01
  1.81841546e+01  1.76482407e+01  4.00664026e+01]",angry
"[-5.33451111e+02  4.80380287e+01 -6.60072231e+00  1.22722406e+01
 -3.58931184e+00  2.26152316e-02 -7.74327421e+00 -3.32086039e+00
 -1.82576904e+01 -2.04660821e+00 -5.35039234e+00 -3.20080900e+00
 -2.11139369e+00 -2.99239373e+00 -6.45451164e+00  2.65952039e+00
 -1.07841949e+01 -9.24747065e-02 -2.90150738e+00 -3.87349129e+00
 -7.11347532e+00  3.23031582e-02 -4.94262648e+00 -3.18736720e+00
 -3.43113899e+00 -2.52022982e+00 -5.71293020e+00 -1.50786591e+00
 -3.03026462e+00 -1.44035316e+00 -6.63659394e-01 -1.42132759e+00
  3.89623344e-01 -2.42662525e+00 -2.33247900e+00  1.41550452e-01
 -6.25380695e-01  5.63132226e-01 -9.78397548e-01 -1.94153214e+00
  4.98985350e-01  5.65193057e-01  5.35490930e-01  4.77206439e-01
  4.81425464e-01  4.61239040e-01  4.51821506e-01  5.35060704e-01
  5.36827147e-01  4.99527931e-01  5.25243223e-01  5.19122899e-01
  2.17957761e+01  1.29771660e+01  1.59747591e+01  1.50686325e+01
  1.64850957e+01  1.84232245e+01  3.90468211e+01]",angry
"[-3.07770386e+02  2.77939396e+01 -2.57075043e+01  2.39315534e+00
 -1.58593798e+01 -1.41483116e+00 -2.20161362e+01 -6.89757538e+00
 -2.07377605e+01 -5.00487375e+00 -6.67858696e+00 -4.43565416e+00
 -9.72080708e+00 -9.19353485e-01 -6.75237894e+00  2.27703309e+00
 -8.06023884e+00  4.07341480e+00  2.48709321e+00  3.23324084e+00
 -1.48270667e+00  3.51470184e+00 -1.10896432e-03  2.59495139e+00
 -4.19895500e-01 -5.49188197e-01 -4.59103727e+00 -4.94348139e-01
 -1.72572219e+00 -4.49703783e-01 -1.89748108e+00 -1.72520530e+00
 -7.31828392e-01 -3.54798049e-01 -1.01082087e+00  7.52040207e-01
  1.07985413e+00  1.61211789e+00 -8.20100307e-01 -2.09730220e+00
  3.07137132e-01  3.17046076e-01  3.27405185e-01  4.07784790e-01
  4.75058049e-01  4.72865015e-01  4.28825766e-01  4.78129655e-01
  5.20537078e-01  4.06132251e-01  3.96978647e-01  3.68061572e-01
  1.71119774e+01  1.75290015e+01  1.75490879e+01  1.81334714e+01
  1.87509020e+01  1.78382258e+01  3.93425027e+01]",angry
"[-4.05353516e+02  3.51943245e+01 -2.09222393e+01  9.98271179e+00
 -1.17226372e+01  9.57127750e-01 -1.60872421e+01 -5.02298832e+00
 -2.13056335e+01 -2.47735977e+00 -8.01457977e+00 -5.03763199e+00
 -6.59060049e+00 -1.47428846e+00 -7.48591757e+00  3.38034391e+00
 -1.24210634e+01  3.78000647e-01 -5.23483801e+00 -2.87466311e+00
 -4.28144789e+00  1.32406747e+00 -3.32906675e+00  1.33158588e+00
 -3.78004372e-01  2.03370190e+00 -4.42275882e-01  9.63428080e-01
 -1.30829895e+00  9.33197677e-01  9.66678739e-01  8.58730137e-01
 -7.66566098e-01 -3.93455476e-01 -5.38226068e-01  2.46078277e+00
  2.23534656e+00  2.71143341e+00  1.04194498e+00  1.13179445e+00
  4.19797510e-01  4.66012746e-01  3.88465196e-01  4.18162882e-01
  4.67516184e-01  5.82490981e-01  4.93515283e-01  4.80910033e-01
  5.36353230e-01  4.88390028e-01  5.09380341e-01  4.28231508e-01
  1.78563882e+01  1.46295320e+01  1.64223579e+01  1.69205780e+01
  1.75239169e+01  1.79704271e+01  3.94655138e+01]",angry
"[-5.29311829e+02  4.44492226e+01 -9.71789742e+00  1.23345270e+01
 -7.54510593e+00  3.93409282e-01 -1.09487314e+01 -4.81485939e+00
 -1.67053318e+01 -3.16165805e+00 -7.70690203e+00 -3.66269541e+00
 -6.25475073e+00 -2.17946625e+00 -6.93927860e+00 -9.02328014e-01
 -1.03209972e+01 -1.55433089e-01 -7.02897787e+00 -3.03925848e+00
 -5.61654425e+00 -1.81603396e+00 -2.84762025e+00 -7.40336180e-01
 -2.54593158e+00  2.57557593e-02 -3.29063082e+00 -2.59434372e-01
 -2.98348641e+00 -2.23562360e+00 -1.21675074e+00 -2.47560215e+00
 -1.97261715e+00 -2.43149090e+00 -1.85384893e+00  8.60387981e-01
  5.08311272e-01  2.03739953e+00  1.96005926e-01  3.47016931e-01
  5.09268165e-01  5.57772934e-01  4.99320447e-01  4.82519090e-01
  4.83494669e-01  5.32604337e-01  5.01888990e-01  5.45867503e-01
  5.15967548e-01  4.85373020e-01  4.82576340e-01  4.75136846e-01
  1.87468683e+01  1.30004136e+01  1.62468984e+01  1.48048694e+01
  1.64216413e+01  1.71931527e+01  3.89098867e+01]",angry
"[-5.20340210e+02  5.17342262e+01 -1.39023685e+01  1.14555836e+01
 -3.71747017e+00  1.27212453e+00 -1.37478714e+01 -6.04554892e+00
 -2.09140301e+01 -2.04544163e+00 -2.68764710e+00 -6.64231110e+00
 -2.18803144e+00 -1.75229669e+00 -8.87775421e+00  3.46030521e+00
 -1.10291004e+01 -2.58027053e+00 -3.46894503e+00 -3.82093644e+00
 -7.80150795e+00 -1.82724607e+00 -5.20930815e+00 -5.10358477e+00
 -4.32277250e+00 -2.91308165e+00 -5.79135656e+00 -1.93712306e+00
 -4.81200933e+00 -2.25245857e+00  1.15013570e-01 -7.44771779e-01
  2.27558279e+00  3.79712820e-01  1.02616584e+00  1.16061306e+00
  3.65877175e+00  1.65908098e+00  1.61192179e+00  1.65419531e+00
  4.23366278e-01  4.33513492e-01  4.03718352e-01  4.36674327e-01
  4.82206732e-01  5.61704874e-01  4.93620157e-01  5.28814912e-01
  5.27070582e-01  4.52439070e-01  4.68940914e-01  4.43880558e-01
  2.29557876e+01  1.46929997e+01  1.71287035e+01  1.63717418e+01
  1.69315921e+01  1.83539903e+01  3.87765626e+01]",sad
"[-6.29669678e+02  5.40619888e+01 -8.03352070e+00  1.35935698e+01
  6.92163408e-01 -6.96538329e-01 -1.14729910e+01 -4.47056198e+00
 -1.76673889e+01 -2.06021023e+00 -4.41148138e+00 -4.92847681e+00
 -1.51657569e+00 -3.24456644e+00 -6.57939529e+00  2.50388384e+00
 -1.01786051e+01 -2.52245331e+00 -1.45549166e+00 -2.10838437e+00
 -6.91950893e+00 -1.77411211e+00 -7.26430273e+00 -3.90992665e+00
 -3.67602968e+00 -1.71402335e+00 -4.35112762e+00 -2.68626928e+00
 -2.13280153e+00 -1.88685954e+00 -2.26365662e+00 -3.59578371e+00
 -2.77105355e+00 -2.67655039e+00 -3.10689974e+00  1.42534450e-01
  1.20179750e-01 -2.46268320e+00 -2.54504538e+00 -2.52922010e+00
  5.76600671e-01  5.58069527e-01  4.83239800e-01  5.02915263e-01
  5.14332414e-01  4.83584583e-01  5.23541212e-01  5.80740094e-01
  4.95244652e-01  5.05949974e-01  6.09291196e-01  6.05912209e-01
  1.90113065e+01  1.27489292e+01  1.49147359e+01  1.50016515e+01
  1.55745570e+01  1.67433541e+01  3.92095588e+01]",sad
"[-7.08232605e+02  7.41072083e+01 -5.02169430e-01  1.71051273e+01
  5.91794193e-01  1.07464209e+01 -9.61330414e+00 -2.98065275e-01
 -1.26647940e+01 -7.47128010e-01 -1.56843078e+00  4.85317707e+00
 -2.77027440e+00 -9.33931649e-01 -1.08745933e+00  1.68852186e+00
 -6.58809471e+00  1.24763241e-02 -3.35469985e+00  1.08562207e+00
 -8.56366730e+00  6.93475604e-01 -2.06712985e+00 -3.98402286e+00
 -2.79267311e+00  5.99305749e-01 -5.18654966e+00  1.33392596e+00
 -4.20777512e+00 -3.61125499e-01 -3.60875726e+00 -2.61779809e+00
 -2.29638839e+00 -3.50973153e+00 -3.71812749e+00 -1.13886213e+00
 -9.32226300e-01 -4.12546349e+00 -4.02643633e+00 -3.61075258e+00
  5.04406929e-01  5.41605294e-01  5.42593360e-01  4.51425374e-01
  4.44842547e-01  4.63888913e-01  4.54968393e-01  4.90358680e-01
  4.81223106e-01  5.21242499e-01  6.54358149e-01  6.80092633e-01
  2.17627940e+01  1.31984159e+01  1.57509817e+01  1.51941719e+01
  1.65087027e+01  1.62155634e+01  3.86870767e+01]",sad
"[-6.08604248e+02  5.47165909e+01 -7.96568060e+00  1.71402225e+01
 -1.40996754e+00  4.96529609e-01 -1.04909391e+01 -5.51608896e+00
 -1.91703224e+01 -8.28159332e-01 -4.19888115e+00 -3.44716072e+00
 -2.00867271e+00 -4.16192722e+00 -5.99673367e+00  3.18148589e+00
 -9.63505268e+00 -3.02733850e+00 -4.07103491e+00 -1.68254662e+00
 -7.79184818e+00 -1.53516209e+00 -3.18263912e+00 -5.34208584e+00
 -3.49334764e+00 -1.05974960e+00 -5.99191236e+00 -2.66506493e-01
 -4.66060066e+00 -1.19220197e+00 -3.11371374e+00 -3.09360194e+00
 -3.41046262e+00 -3.65405965e+00 -3.47939587e+00 -2.60168910e+00
 -9.14502740e-01 -3.06809831e+00 -2.51076460e+00 -2.64695740e+00
  5.83327770e-01  5.61285675e-01  5.31092882e-01  5.14348209e-01
  4.98281062e-01  4.94512081e-01  4.97610241e-01  5.07371187e-01
  4.98229086e-01  5.01728833e-01  5.89088500e-01  6.09564722e-01
  2.12368836e+01  1.34144050e+01  1.62056340e+01  1.49918758e+01
  1.54591540e+01  1.80189864e+01  3.86615301e+01]",sad
"[-6.94525696e+02  7.03426743e+01 -8.52124977e+00  1.94860916e+01
  1.90527666e+00  7.65621805e+00 -8.91909313e+00 -3.89286923e+00
 -1.39218864e+01  2.51055658e-01  3.87219563e-02  2.53419566e+00
 -3.50767183e+00 -2.53438115e+00 -3.08489180e+00  2.62346697e+00
 -6.79573059e+00 -4.10205156e-01 -2.27641988e+00  1.35036099e+00
 -8.19544792e+00 -6.25913441e-01 -2.28872180e+00 -3.20035410e+00
 -1.67358279e+00 -1.62335411e-01 -4.30927515e+00  8.37413967e-01
 -2.60337901e+00 -1.12769806e+00 -3.96567345e+00 -3.44509721e+00
 -3.36588216e+00 -3.29838037e+00 -3.73134589e+00 -1.28525233e+00
 -9.46999013e-01 -3.91827226e+00 -3.86733103e+00 -4.66374731e+00
  5.16881406e-01  5.96363246e-01  5.52214682e-01  5.09823084e-01
  5.30270755e-01  5.76239884e-01  5.78477681e-01  5.83818376e-01
  5.39402187e-01  5.38748085e-01  5.56423843e-01  4.86415893e-01
  2.07128608e+01  1.22696296e+01  1.49492272e+01  1.52542919e+01
  1.58839801e+01  1.64975737e+01  3.90108790e+01]",sad
"[-7.37161621e+02  7.48816681e+01 -8.56619850e-02  1.81071587e+01
  5.12949848e+00  5.86842394e+00 -7.59103394e+00  8.33553493e-01
 -9.86534691e+00 -1.15127528e+00 -1.11004186e+00  2.86142898e+00
 -2.83429265e+00 -1.36062896e+00 -2.02474403e+00  2.36180472e+00
 -3.57195139e+00 -1.14061320e+00 -1.61897922e+00  2.03323007e+00
 -7.81228256e+00  5.87780774e-01 -3.07833481e+00 -3.70975542e+00
 -1.97974169e+00 -8.63720775e-01 -3.04652476e+00  6.68104947e-01
 -2.80469513e+00 -3.51301134e-01 -2.92053676e+00 -3.55397153e+00
 -3.08781004e+00 -2.87135410e+00 -4.51106644e+00 -3.55908245e-01
 -2.03192592e+00 -3.30924606e+00 -3.95858765e+00 -4.08839846e+00
  5.43437183e-01  5.86778760e-01  5.71668983e-01  5.44754386e-01
  5.82221448e-01  6.31154537e-01  6.50301754e-01  7.06017375e-01
  6.19875789e-01  5.47153234e-01  5.88191390e-01  5.89780450e-01
  2.03343202e+01  1.17505183e+01  1.52127154e+01  1.43232157e+01
  1.57537649e+01  1.59083885e+01  3.86273032e+01]",sad
"[-7.00825073e+02  7.16447601e+01 -4.71490622e+00  1.60822239e+01
  2.79512048e+00  4.55708313e+00 -8.39330196e+00 -2.34563661e+00
 -1.14320269e+01 -1.57381546e+00 -4.11855280e-01  1.39830101e+00
 -3.73971152e+00 -2.28644919e+00 -2.26052880e+00  1.03994131e+00
 -5.69994974e+00 -7.80330837e-01 -1.97415268e+00  7.48393476e-01
 -7.19404221e+00  7.10450709e-01 -2.60164118e+00 -3.42206550e+00
 -2.48598719e+00 -1.59244549e+00 -4.40714121e+00 -1.77126363e-01
 -2.33594918e+00 -1.14115846e+00 -3.42381787e+00 -3.06837130e+00
 -3.58433509e+00 -3.60176086e+00 -4.51813889e+00 -1.92082345e+00
 -1.32269406e+00 -3.07345009e+00 -3.62747097e+00 -4.25021887e+00
  5.65611362e-01  5.51769376e-01  5.04625857e-01  5.54488242e-01
  5.44283807e-01  5.55509388e-01  5.83343625e-01  6.39590561e-01
  6.12480938e-01  5.56563735e-01  5.44504404e-01  5.37531614e-01
  1.93098829e+01  1.21915329e+01  1.47318784e+01  1.44168039e+01
  1.61715597e+01  1.64178049e+01  3.89804723e+01]",sad
"[-5.42052612e+02  5.37693710e+01 -1.30550480e+01  1.09104862e+01
 -5.03244829e+00  4.68860000e-01 -1.34586077e+01 -6.11407757e+00
 -2.05516891e+01 -3.98126912e+00 -4.72850800e+00 -4.25910091e+00
 -2.81677437e+00 -4.90577340e-01 -9.85381031e+00  2.01564980e+00
 -1.02390165e+01 -4.21257544e+00 -3.84867668e+00 -2.12142372e+00
 -8.78508282e+00 -2.15663862e+00 -4.73214531e+00 -6.11238289e+00
 -4.55064964e+00 -1.74599576e+00 -6.72268772e+00 -2.18619895e+00
 -3.92206597e+00 -3.40130901e+00 -2.45911860e+00 -2.45772171e+00
 -2.37475109e+00  8.12954187e-01  1.18830241e-01  2.98011279e+00
  2.09955454e+00  6.06937170e-01  1.36120486e+00  1.49435735e+00
  4.98113871e-01  4.66669559e-01  4.47454065e-01  4.54652727e-01
  5.40110171e-01  5.29808402e-01  5.02713978e-01  5.55571854e-01
  5.25418699e-01  4.46047038e-01  4.81722116e-01  5.14227808e-01
  2.34718074e+01  1.42180464e+01  1.73158080e+01  1.62001647e+01
  1.62862703e+01  1.79224862e+01  3.92096586e+01]",sad
"[-6.25601013e+02  6.55589828e+01  3.51763225e+00  2.26798077e+01
  6.27931309e+00  7.63945818e+00 -4.56722164e+00 -2.18746185e+00
 -1.17259121e+01  3.38938046e+00 -2.81348062e+00  3.06195283e+00
  2.96409905e-01  4.05921876e-01 -8.20248306e-01  6.17788124e+00
 -3.66897511e+00  2.04055995e-01 -2.06883475e-01  3.52208519e+00
 -6.45417786e+00  4.87194747e-01 -2.05394125e+00 -2.68210506e+00
 -3.12540936e+00  1.81452572e-01 -3.53277183e+00  7.16800690e-01
 -2.41786504e+00 -1.33761144e+00 -1.52877486e+00 -1.07413507e+00
 -2.15524149e+00 -2.13853979e+00 -3.34733748e+00 -2.16184282e+00
 -2.08304957e-01 -1.78269482e+00 -2.71812129e+00 -3.09968686e+00
  5.45176864e-01  5.60824275e-01  5.26532710e-01  4.71490026e-01
  4.85669702e-01  5.18992305e-01  5.00989616e-01  5.94379187e-01
  6.61227882e-01  6.39574170e-01  5.53415954e-01  5.50291061e-01
  2.07839211e+01  1.30191346e+01  1.62622684e+01  1.51700517e+01
  1.59490829e+01  1.72572360e+01  3.86814404e+01]",norm
"[-5.98238464e+02  6.21618462e+01 -1.87557852e+00  1.84164238e+01
  4.53089762e+00  1.45559955e+00 -7.93652868e+00 -4.92963791e+00
 -1.56872005e+01  1.84428608e+00 -5.31412172e+00  3.35236979e+00
  1.01234925e+00 -1.17356479e+00 -5.85387588e-01  7.14594221e+00
 -5.77227783e+00 -3.41207623e-01 -2.12337136e+00 -4.28838134e-01
 -5.90485334e+00  5.03068268e-01 -3.43580437e+00 -3.30556893e+00
 -1.79776621e+00  1.40784860e-01 -3.08732200e+00  1.12111378e+00
 -3.61916900e+00 -9.93468881e-01 -1.27439022e+00 -1.74419844e+00
 -2.01118660e+00 -1.90915763e+00 -3.45908499e+00 -2.38292360e+00
  3.35377783e-01 -1.11037934e+00 -2.72873312e-01 -3.99929166e-01
  6.32750213e-01  5.98765075e-01  5.13993382e-01  4.95397449e-01
  4.86278176e-01  4.95712042e-01  4.26189542e-01  4.40565348e-01
  4.70999718e-01  4.72897172e-01  5.01372814e-01  5.98783374e-01
  2.19330157e+01  1.36817341e+01  1.75135842e+01  1.56001500e+01
  1.64151432e+01  1.79647261e+01  3.90667063e+01]",norm
"[-5.73251038e+02  4.86843796e+01 -4.80337811e+00  1.50711288e+01
 -3.56025028e+00  1.24522328e+00 -8.19015789e+00 -3.80466771e+00
 -1.61208839e+01 -1.59621501e+00 -6.05406427e+00 -2.19803071e+00
 -3.03929639e+00 -3.49132442e+00 -3.96317554e+00  9.66843843e-01
 -9.05817604e+00 -1.57680631e+00 -3.14610529e+00 -3.58551478e+00
 -6.96191168e+00 -1.71056056e+00 -3.75888038e+00 -4.59744787e+00
 -3.55710745e+00 -1.99788964e+00 -5.01465750e+00 -1.28252232e+00
 -2.42906690e+00 -2.20635819e+00 -7.52862990e-01 -1.72187769e+00
 -3.93030852e-01 -1.43828356e+00 -1.92640734e+00 -4.63185042e-01
 -3.83382678e-01 -1.15607500e+00 -1.60296667e+00 -1.04144120e+00
  5.62119544e-01  5.56233466e-01  4.66509640e-01  5.06299973e-01
  5.62158167e-01  5.27986467e-01  5.10340095e-01  5.92546821e-01
  6.00611687e-01  5.45639217e-01  5.77509165e-01  5.73263049e-01
  2.01290393e+01  1.20355281e+01  1.51699051e+01  1.48143411e+01
  1.62883868e+01  1.75433859e+01  3.87924076e+01]",norm
"[-6.93690125e+02  6.10601578e+01 -2.84907627e+00  1.65872498e+01
  2.47574186e+00  3.98002601e+00 -4.80367374e+00 -2.77413440e+00
 -1.28168621e+01 -1.31383562e+00 -1.64252925e+00 -7.88076043e-01
 -5.64788915e-02 -1.70092070e+00 -3.57228994e+00  2.29577923e+00
 -6.19057274e+00 -2.01991749e+00 -8.31470549e-01  8.47511113e-01
 -5.96248436e+00 -5.47287285e-01 -2.30490446e+00 -3.11896610e+00
 -1.43013239e+00 -3.05239767e-01 -4.10288906e+00 -4.66744930e-01
 -1.94921958e+00 -5.91099203e-01 -1.45186186e+00 -2.54018903e+00
 -1.94714940e+00 -2.38660836e+00 -2.25102472e+00 -2.51619768e+00
 -5.48675895e-01 -3.30025649e+00 -2.92850828e+00 -2.83349991e+00
  6.40420973e-01  6.43751025e-01  5.58780193e-01  5.51199377e-01
  5.56048989e-01  5.33506513e-01  5.25673807e-01  5.83994985e-01
  6.44066215e-01  6.44879162e-01  5.68812311e-01  5.68587899e-01
  1.87351345e+01  1.21825124e+01  1.48463861e+01  1.42421102e+01
  1.53479555e+01  1.66915827e+01  3.85424842e+01]",norm
"[-6.22292908e+02  5.79186974e+01 -8.62564564e+00  1.65727596e+01
  1.16002619e+00 -5.07251434e-02 -9.40502644e+00 -6.81899452e+00
 -2.08146706e+01 -2.70400763e+00 -4.30663919e+00 -5.38966656e+00
 -1.34153676e+00 -4.05090523e+00 -5.15308094e+00  2.63270855e+00
 -7.78601313e+00 -3.71796608e+00 -3.60022044e+00 -2.02347517e+00
 -7.83808756e+00 -3.65705132e+00 -2.81530428e+00 -5.99518156e+00
 -4.61092615e+00 -1.26978254e+00 -6.52591705e+00 -1.83607459e+00
 -3.14218307e+00 -2.23537469e+00 -2.99897122e+00 -3.08626080e+00
 -2.80663276e+00 -3.36335325e+00 -3.43199992e+00 -2.95577216e+00
 -1.27913654e-01 -1.16928959e+00  2.83737425e-02 -8.52989078e-01
  5.73959887e-01  5.68635583e-01  4.89108741e-01  4.69384044e-01
  4.78237092e-01  5.29941976e-01  5.03899813e-01  5.57136655e-01
  5.95671356e-01  5.98230362e-01  6.11752391e-01  5.82441509e-01
  2.07561338e+01  1.29670079e+01  1.65011526e+01  1.50002287e+01
  1.54394451e+01  1.80641430e+01  3.87884094e+01]",norm
"[-6.95185120e+02  5.87207222e+01 -4.87579298e+00  1.93151455e+01
  5.61196089e+00  2.97120667e+00 -4.38536263e+00 -2.40324831e+00
 -1.43775673e+01  1.25761092e+00 -1.60316718e+00 -3.61670643e-01
 -1.08866584e+00 -1.34389281e+00 -1.87273455e+00  1.98266876e+00
 -5.90084028e+00  2.31379092e-01 -2.97889972e+00  1.41631782e+00
 -6.18013763e+00 -3.04220319e-01 -2.42899227e+00 -4.41849422e+00
 -8.14761281e-01 -1.58190203e+00 -4.77195930e+00  1.17001021e+00
 -2.10479164e+00 -1.07629061e-01 -1.12248242e+00 -3.06397223e+00
 -1.71184218e+00 -2.92979431e+00 -2.51980877e+00 -1.32866621e+00
 -7.47358859e-01 -3.64439726e+00 -2.64201832e+00 -2.88152456e+00
  6.07328296e-01  6.27398908e-01  5.68015397e-01  4.88142848e-01
  5.05621195e-01  5.58977485e-01  5.03512681e-01  5.55571556e-01
  5.90489984e-01  6.38546824e-01  6.36301041e-01  6.30598307e-01
  1.97021510e+01  1.20584750e+01  1.56510674e+01  1.48840040e+01
  1.51257458e+01  1.68448567e+01  3.85286199e+01]",norm
"[-7.00048035e+02  5.81418533e+01 -2.55860686e+00  1.56066771e+01
  4.63505268e+00  3.53914142e+00 -6.11756516e+00 -3.82448107e-01
 -1.36159000e+01 -3.62571567e-01 -1.50835586e+00 -8.84400189e-01
 -1.94311608e-02 -1.94318080e+00 -1.16957033e+00  2.20412636e+00
 -5.30861998e+00 -8.05272877e-01 -2.20198298e+00 -2.12878704e-01
 -6.49199104e+00 -1.16633490e-01 -2.58029914e+00 -4.41664553e+00
 -1.66036236e+00 -9.53989506e-01 -4.61957264e+00 -7.78041258e-02
 -1.73217666e+00 -3.44432443e-01 -1.48287797e+00 -2.72662950e+00
 -2.06020617e+00 -2.52632022e+00 -2.48500872e+00 -2.28823924e+00
 -3.31254274e-01 -2.54093742e+00 -2.72359204e+00 -2.31761837e+00
  6.67621017e-01  6.00263536e-01  5.14298379e-01  5.16327322e-01
  5.56664705e-01  5.43618262e-01  6.03660464e-01  6.54706061e-01
  6.58344984e-01  6.21827185e-01  6.25511110e-01  6.19786203e-01
  1.90661344e+01  1.11116290e+01  1.48298594e+01  1.40644716e+01
  1.47834836e+01  1.67616965e+01  3.91970576e+01]",norm
"[-7.37820801e+02  6.37191048e+01 -6.72316170e+00  1.72609787e+01
  3.43420076e+00  1.29630828e+00 -4.68779850e+00 -4.73752451e+00
 -1.36685076e+01 -1.28142500e+00 -3.37534523e+00  8.53293002e-01
 -3.31524491e+00 -1.51657486e+00 -4.37967825e+00  1.21313608e+00
 -5.87268209e+00 -5.09444666e+00 -1.64262867e+00  3.00655603e-01
 -6.82365370e+00 -1.67199075e+00 -3.26377416e+00 -4.30078697e+00
 -1.80535769e+00 -7.89443135e-01 -2.86979055e+00 -2.62253255e-01
 -2.95710611e+00 -1.78811073e-01 -2.11073637e+00 -4.07819223e+00
 -1.27100122e+00 -1.97292864e+00 -2.55083489e+00 -1.47817385e+00
 -2.05733433e-01 -2.77430820e+00 -3.57121706e+00 -3.47690845e+00
  6.37342632e-01  6.45482957e-01  5.81599295e-01  5.93251109e-01
  5.56511939e-01  5.18908381e-01  5.37085712e-01  5.74354708e-01
  6.52107894e-01  7.03010082e-01  6.43528640e-01  6.33958280e-01
  1.72755092e+01  1.11901312e+01  1.39592988e+01  1.38074447e+01
  1.41143911e+01  1.59338696e+01  3.79289757e+01]",norm
"[-7.14013062e+02  6.27783546e+01 -2.47031307e+00  1.87341633e+01
  2.96327853e+00  2.80761719e+00 -1.61652637e+00 -4.77680302e+00
 -1.48299141e+01 -1.52293563e+00 -4.68700933e+00 -3.45124215e-01
 -2.00919175e+00 -2.29770947e+00 -4.17129612e+00  3.25465560e+00
 -4.43182230e+00 -3.24379039e+00 -2.54140019e+00  5.61963320e-01
 -7.12033129e+00 -1.60739183e+00 -2.28222656e+00 -3.49015951e+00
 -2.05806756e+00 -7.25236654e-01 -4.22975397e+00 -2.57711411e+00
 -2.05460596e+00 -4.35383290e-01 -1.34680760e+00 -2.10217667e+00
 -1.51821876e+00 -3.05192757e+00 -3.55201125e+00 -2.25725508e+00
 -1.54031467e+00 -2.25592804e+00 -2.11859083e+00 -3.14453769e+00
  6.04619443e-01  5.65969229e-01  5.23100317e-01  5.22789598e-01
  5.10347068e-01  5.21645904e-01  5.09547114e-01  5.34390390e-01
  5.67002237e-01  5.72535038e-01  6.04574203e-01  6.66521907e-01
  1.80151151e+01  1.08566306e+01  1.46696721e+01  1.43849605e+01
  1.51890590e+01  1.66717915e+01  3.82640615e+01]",norm
"[-7.29579956e+02  6.59161911e+01 -4.07425582e-01  1.85379524e+01
  4.73663998e+00  5.22576427e+00 -6.45638895e+00 -7.14810610e-01
 -1.26482897e+01 -2.11925292e+00 -1.56337011e+00 -7.40090668e-01
 -1.63872814e+00 -1.29931176e+00 -2.20457029e+00  3.17928028e+00
 -6.86241102e+00  4.86921519e-01 -2.21527815e+00 -6.93142831e-01
 -5.32153749e+00 -8.02865505e-01 -3.08501530e+00 -4.08492565e+00
 -1.80123866e+00 -1.22526026e+00 -4.66744232e+00  1.11275053e+00
 -2.72516274e+00  1.34978056e-01 -1.60942936e+00 -1.73871088e+00
 -1.32556081e+00 -3.04787874e+00 -1.11410236e+00 -1.09880841e+00
 -1.09210420e+00 -2.43408251e+00 -3.13565397e+00 -3.43897915e+00
  5.23638248e-01  5.62992096e-01  5.54645836e-01  5.00678539e-01
  5.14395893e-01  5.45604706e-01  5.09829879e-01  5.62528193e-01
  5.83697498e-01  6.26455188e-01  6.62316859e-01  5.60257316e-01
  1.83790294e+01  1.12153122e+01  1.50812097e+01  1.42017270e+01
  1.55648654e+01  1.62141503e+01  3.83184976e+01]",norm
"[-6.48197510e+02  6.63497772e+01 -7.59132671e+00  1.57386799e+01
  1.16302454e+00  8.42418447e-02 -8.54919434e+00 -3.87191772e+00
 -1.41442957e+01  7.87870288e-02 -3.58717704e+00 -4.67795801e+00
 -7.64250517e-01 -2.90707469e+00 -3.99596071e+00  3.56507492e+00
 -9.22429085e+00 -1.82217264e+00 -3.31674552e+00 -1.86850917e+00
 -6.40959692e+00  3.14012557e-01 -3.28018069e+00 -4.60465240e+00
 -2.71001577e+00 -2.11049390e+00 -5.01240253e+00 -8.95270631e-02
 -3.73000574e+00 -1.50235450e+00 -2.48113799e+00 -3.18275070e+00
 -2.08762169e+00 -4.30626726e+00 -3.66952848e+00 -2.97416925e+00
 -1.91806412e+00 -1.38724422e+00 -1.45464480e+00 -1.41239560e+00
  6.19083583e-01  6.44677818e-01  5.56771398e-01  5.21174610e-01
  5.60267091e-01  6.01105034e-01  5.25202692e-01  5.38628936e-01
  5.52182138e-01  5.27969539e-01  5.42466164e-01  6.09708190e-01
  2.03827065e+01  1.31215575e+01  1.57591715e+01  1.45896543e+01
  1.56239170e+01  1.79304456e+01  3.89077772e+01]",norm
"[-7.01254822e+02  7.24602890e+01 -2.62668300e+00  1.73551311e+01
  4.75065136e+00  5.55258942e+00 -3.98008704e+00 -2.51043367e+00
 -1.09265699e+01 -1.51768672e+00 -1.69945085e+00  8.13230991e-01
 -7.26509154e-01 -1.48320925e+00 -1.30361485e+00  2.88342571e+00
 -6.95381927e+00 -5.62617660e-01 -1.55567253e+00 -1.14843346e-01
 -7.07326651e+00 -9.35379207e-01 -2.76975346e+00 -1.78256893e+00
 -2.70261097e+00 -6.11818671e-01 -4.25389671e+00 -1.65729783e-02
 -3.55531907e+00 -2.85126209e-01 -3.05682182e+00 -2.20774269e+00
 -1.72095883e+00 -3.16327429e+00 -2.91883373e+00 -2.39505935e+00
 -5.90953529e-01 -2.99861908e+00 -2.85047436e+00 -3.99486160e+00
  5.43167233e-01  5.49806476e-01  5.60563922e-01  5.14842987e-01
  4.89851475e-01  5.18089712e-01  5.25237083e-01  5.78208387e-01
  6.04691505e-01  6.32259488e-01  6.15888834e-01  6.23809516e-01
  2.15565789e+01  1.25063163e+01  1.60570381e+01  1.45625868e+01
  1.56202726e+01  1.61924007e+01  3.84750674e+01]",norm
"[-6.55488953e+02  6.10253525e+01 -3.54800272e+00  2.21941872e+01
 -1.18835735e+00  4.12945318e+00 -6.11024237e+00 -2.85224748e+00
 -1.67005348e+01 -5.33943057e-01 -2.27421284e+00 -1.90327239e+00
  1.02355577e-01 -1.96005321e+00 -2.81499028e+00  3.00455976e+00
 -8.88048458e+00 -8.97690594e-01 -2.41342616e+00 -1.59166217e+00
 -6.33234930e+00 -8.34444225e-01 -3.04765964e+00 -3.97361374e+00
 -3.00659132e+00  2.50624031e-01 -6.28320694e+00  2.69716442e-01
 -3.68175507e+00 -9.06354427e-01 -2.61483049e+00 -2.53758740e+00
 -2.30698490e+00 -3.51107168e+00 -3.11579418e+00 -2.53828549e+00
 -1.51369619e+00 -3.16901922e+00 -3.76132846e+00 -2.70526242e+00
  5.50032258e-01  5.59185266e-01  5.44539392e-01  5.01177132e-01
  4.29887295e-01  4.63729084e-01  4.54756558e-01  4.86118376e-01
  5.39605319e-01  5.24992347e-01  5.91784179e-01  6.40187860e-01
  2.15338097e+01  1.29351246e+01  1.59054233e+01  1.51646120e+01
  1.63719991e+01  1.80175214e+01  3.86140242e+01]",norm
"[-5.62060730e+02  5.79602165e+01 -1.45729828e+01  8.49900818e+00
 -5.17148137e-01  9.79768395e-01 -1.38493853e+01 -4.98193741e+00
 -1.69863510e+01 -5.10505199e+00  1.09436023e+00 -5.88564253e+00
 -3.47639465e+00 -3.09769750e-01 -7.43087149e+00  2.06729054e+00
 -8.45003605e+00 -4.94827414e+00 -3.26948547e+00 -4.02919340e+00
 -6.61368704e+00 -3.82736611e+00 -3.61927366e+00 -4.48100758e+00
 -2.07368565e+00  8.36557865e-01 -3.89866304e+00  4.70173389e-01
 -3.96257579e-01 -2.87522149e+00 -3.12780678e-01  1.25183368e+00
  1.49966991e+00  6.08072519e-01  2.53782392e-01  3.50856543e+00
  4.95631027e+00  4.58382320e+00  2.33683157e+00 -6.82744622e-01
  4.56931055e-01  5.05316734e-01  4.31206286e-01  4.29722816e-01
  5.15955269e-01  5.68270922e-01  5.32149553e-01  5.81798792e-01
  5.60466230e-01  4.57233697e-01  4.34564680e-01  3.94907057e-01
  2.04367399e+01  1.36066818e+01  1.60995793e+01  1.65629051e+01
  1.71570601e+01  1.77962969e+01  3.87713058e+01]",norm
"[-6.33289246e+02  6.57241516e+01 -8.51834393e+00  1.81155548e+01
  3.93220139e+00  9.28150415e-01 -9.02224159e+00 -2.48805809e+00
 -1.58775587e+01  7.06937313e-01 -1.80050337e+00 -4.57729006e+00
  1.76519859e+00 -2.45316982e+00 -3.51898813e+00  4.42407656e+00
 -8.86748695e+00 -1.88689315e+00 -4.40781713e-01 -1.10584307e+00
 -6.67710447e+00  2.91735709e-01 -3.88950038e+00 -5.41175699e+00
 -5.56210816e-01 -1.09950364e+00 -3.43685675e+00 -7.65119910e-01
 -3.49808359e+00 -1.48718452e+00 -1.26176393e+00 -3.83778882e+00
 -1.27723193e+00 -3.40321207e+00 -2.64588594e+00 -2.07827401e+00
 -6.61623538e-01 -2.52552962e+00 -1.86821067e+00 -1.50704503e+00
  6.14716709e-01  6.14113152e-01  5.41598558e-01  5.44043064e-01
  5.46974301e-01  5.66004574e-01  5.06456375e-01  5.17955244e-01
  5.09857357e-01  5.16453683e-01  5.86308718e-01  6.23343885e-01
  2.03541579e+01  1.28675503e+01  1.60912974e+01  1.49015568e+01
  1.57660531e+01  1.81729687e+01  3.87486593e+01]",norm
"[-6.62870117e+02  5.63917732e+01 -3.82214689e+00  1.15621881e+01
  1.25406110e+00  6.42005503e-01 -9.09001160e+00 -3.68428469e+00
 -1.25210476e+01 -3.25025463e+00 -2.73884773e+00 -3.01199484e+00
 -2.93888545e+00 -2.97271585e+00 -6.34034252e+00  1.66066134e+00
 -9.71219826e+00 -2.61578488e+00 -3.71927810e+00 -2.17807221e+00
 -6.30284357e+00 -2.43243384e+00 -4.93994617e+00 -5.40991306e+00
 -2.42963815e+00 -1.76242340e+00 -5.55173063e+00 -6.06775582e-01
 -3.71495843e+00 -2.23862267e+00 -2.94394445e+00 -4.01829815e+00
 -4.71520722e-01 -2.25948167e+00 -1.72903001e+00 -2.74910539e-01
  9.34687316e-01 -4.43049103e-01 -1.39014721e+00 -2.18927240e+00
  5.75325131e-01  6.27294779e-01  5.75877666e-01  5.40365040e-01
  5.54162025e-01  5.72591722e-01  5.67804515e-01  6.65157914e-01
  6.27420545e-01  5.91717601e-01  5.99392235e-01  5.83181858e-01
  1.86213689e+01  1.14520088e+01  1.40584887e+01  1.34579858e+01
  1.47898470e+01  1.57755316e+01  3.84332784e+01]",norm
"[-6.83202454e+02  6.41920624e+01 -5.31221199e+00  1.75066662e+01
  3.60050201e+00  2.49839500e-01 -5.48008013e+00 -5.77823925e+00
 -1.37800312e+01 -1.87315679e+00 -6.66973495e+00  5.37923038e-01
 -2.90643859e+00 -4.52882433e+00 -3.62288594e+00  1.85425729e-01
 -6.77968502e+00 -3.50783062e+00 -4.00048542e+00 -9.53456908e-02
 -7.44848919e+00 -1.94971251e+00 -2.91230345e+00 -4.81982422e+00
 -2.12370968e+00 -1.89565051e+00 -4.41878271e+00 -1.53905547e+00
 -2.11408305e+00 -2.35628390e+00 -1.96953225e+00 -2.69174767e+00
 -2.02714038e+00 -2.87976360e+00 -4.00379753e+00 -3.46350169e+00
 -1.65962827e+00 -3.01430798e+00 -3.09224772e+00 -3.52430153e+00
  6.43381536e-01  6.69938028e-01  5.92419028e-01  5.22627294e-01
  4.92918491e-01  4.33950067e-01  4.18746859e-01  4.79455084e-01
  5.30087888e-01  5.42917371e-01  5.96988976e-01  6.30223215e-01
  1.91873255e+01  1.16656328e+01  1.40889999e+01  1.36458233e+01
  1.50652651e+01  1.69910746e+01  3.81999180e+01]",norm
"[-6.05932739e+02  5.88181992e+01 -9.65666485e+00  1.27008371e+01
  9.04096782e-01 -6.51926100e-01 -1.13412018e+01 -9.12751579e+00
 -1.93180866e+01 -1.27609587e+00 -6.06921721e+00 -3.73225236e+00
 -2.49274039e+00 -4.32010317e+00 -3.66617513e+00  4.27728605e+00
 -8.81917572e+00 -3.02457809e+00 -3.42851925e+00 -2.34611726e+00
 -6.61911821e+00 -1.08277750e+00 -4.81248188e+00 -4.72237730e+00
 -3.38469958e+00 -1.95536780e+00 -5.36091232e+00 -1.01070476e+00
 -3.20298696e+00 -3.08917284e+00 -3.42634773e+00 -2.04843593e+00
 -1.97536862e+00  3.00567448e-01 -3.12460601e-01  7.28074670e-01
  2.43795300e+00  7.78667033e-01 -8.74207914e-01 -2.60447651e-01
  4.33116734e-01  4.19211477e-01  4.50858086e-01  4.30172533e-01
  4.58774775e-01  4.98677939e-01  5.86023986e-01  6.07504249e-01
  5.12050986e-01  4.15834427e-01  4.59833086e-01  4.29402202e-01
  2.11803197e+01  1.46288056e+01  1.68576035e+01  1.61565640e+01
  1.72378309e+01  1.81867199e+01  3.89589176e+01]",norm
"[-6.58432190e+02  6.53840561e+01 -5.49149370e+00  1.60149517e+01
 -1.20581591e+00  2.77149391e+00 -8.50757408e+00 -4.56960773e+00
 -1.63602295e+01 -8.75719666e-01  8.19927007e-02 -4.88655615e+00
 -1.25987735e-02 -2.38595510e+00 -2.24448848e+00  2.99536014e+00
 -7.99698734e+00 -9.31917489e-01 -1.85699844e+00 -2.57389355e+00
 -5.65999603e+00 -1.54072380e+00 -2.69197154e+00 -3.60856152e+00
 -2.50506949e+00 -5.07743657e-01 -4.97664547e+00  9.79604781e-01
 -2.36610794e+00 -1.12908459e+00 -2.04667735e+00 -2.81483698e+00
 -1.93453538e+00 -4.27948523e+00 -3.05810356e+00 -2.43722939e+00
 -1.10142756e+00 -1.80734789e+00 -3.02509069e+00 -2.83629012e+00
  5.52606165e-01  5.62755704e-01  5.27999878e-01  4.43420708e-01
  4.37212139e-01  4.63073373e-01  4.88230050e-01  5.78384042e-01
  5.80038607e-01  5.66288888e-01  6.18806899e-01  5.68474650e-01
  1.97802908e+01  1.30927937e+01  1.57981572e+01  1.53335816e+01
  1.62454812e+01  1.72370593e+01  3.84107904e+01]",norm
"[-7.01560059e+02  6.90314255e+01 -4.60300589e+00  1.99825153e+01
  5.14567041e+00  2.81729913e+00 -2.99920535e+00 -4.54408789e+00
 -1.32067633e+01 -2.77916646e+00 -4.32474184e+00  3.87810677e-01
 -3.97366571e+00 -1.42338681e+00 -2.55291748e+00  7.82170355e-01
 -5.20048618e+00 -1.41115320e+00 -2.75458074e+00  8.67746532e-01
 -7.41884851e+00 -6.18726671e-01 -1.74581695e+00 -4.14827681e+00
 -1.64015663e+00 -1.31970656e+00 -3.94101024e+00 -1.31614184e+00
 -3.22156572e+00 -1.62082934e+00 -1.40379655e+00 -2.74167633e+00
 -2.29758286e+00 -2.60617590e+00 -3.79575014e+00 -1.24529946e+00
 -1.54685950e+00 -3.03621554e+00 -3.03377175e+00 -3.54816461e+00
  5.44213116e-01  5.79075038e-01  5.61213732e-01  5.37504852e-01
  5.53685665e-01  5.31542242e-01  4.97338742e-01  5.25984168e-01
  5.98937571e-01  5.70332646e-01  5.14446974e-01  4.91162449e-01
  1.88406722e+01  1.21256283e+01  1.61135848e+01  1.50058262e+01
  1.53633199e+01  1.66238084e+01  3.84106225e+01]",norm
"[-6.99916504e+02  6.90592422e+01 -2.98459005e+00  1.74889145e+01
  2.18575501e+00  6.56243229e+00 -4.88505316e+00 -1.37706304e+00
 -1.19101057e+01 -1.48985302e+00 -9.04321253e-01  1.05063355e+00
 -1.04518580e+00 -2.25006557e+00 -5.64475715e-01  1.95614278e+00
 -7.91245794e+00 -1.22618532e+00 -1.28912711e+00 -7.03039706e-01
 -6.72328138e+00 -8.34362268e-01 -2.78822351e+00 -2.91133094e+00
 -2.52872038e+00 -9.81705844e-01 -5.37149048e+00  7.43841052e-01
 -3.58428025e+00 -4.41897213e-01 -2.73800707e+00 -2.21757126e+00
 -2.03352880e+00 -3.67620969e+00 -3.62116694e+00 -2.65647745e+00
 -1.51881635e+00 -2.97906590e+00 -4.07912922e+00 -3.56056619e+00
  5.57737470e-01  5.77215314e-01  5.55165708e-01  5.41853070e-01
  5.44495165e-01  5.51824629e-01  5.34243524e-01  5.79253137e-01
  5.92971206e-01  5.92679799e-01  6.09236181e-01  5.97854197e-01
  2.10133661e+01  1.24353440e+01  1.55217415e+01  1.47236207e+01
  1.60764318e+01  1.67574166e+01  3.85567680e+01]",norm
"[-5.48762268e+02  4.63192635e+01 -9.78885937e+00  1.63563194e+01
 -5.03904724e+00  7.35174298e-01 -7.72136116e+00  1.80935848e+00
 -1.55683737e+01 -1.83641231e+00 -3.61635828e+00 -2.20047188e+00
 -3.07709146e+00 -2.44724202e+00 -5.23724556e+00 -5.19776903e-02
 -7.72938013e+00 -5.35724640e-01 -5.08553410e+00 -2.40178776e+00
 -6.07724142e+00 -1.96949780e+00 -4.75615120e+00 -3.72345304e+00
 -3.49609423e+00 -1.22593057e+00 -4.82668018e+00  1.08601713e+00
 -2.00513434e+00 -1.15721500e+00  4.14627254e-01 -8.55004489e-01
 -1.65389335e+00 -2.26929474e+00 -1.88881731e+00 -6.37382746e-01
 -7.58233190e-01 -1.01677084e+00 -2.97107530e+00 -1.91096854e+00
  4.90383953e-01  5.52485824e-01  5.62559664e-01  5.33150196e-01
  4.92441505e-01  4.94808257e-01  4.91674036e-01  4.48157340e-01
  4.92922813e-01  5.78277171e-01  5.48111260e-01  4.52273101e-01
  1.87763030e+01  1.28114038e+01  1.54892478e+01  1.47253402e+01
  1.59061851e+01  1.72529668e+01  3.85755638e+01]",norm
"[-7.09686523e+02  7.00903854e+01 -1.06893051e+00  1.44388742e+01
  6.54787731e+00  4.15795469e+00 -7.41351223e+00 -1.82622015e+00
 -1.10259132e+01 -2.25893068e+00 -6.32991850e-01 -1.69171125e-01
 -2.22946048e+00 -1.63527870e+00 -3.21716928e+00  2.56128860e+00
 -6.17014313e+00 -1.08677149e+00 -1.68380928e+00 -6.98938310e-01
 -5.15509224e+00 -1.37007797e+00 -2.81118822e+00 -4.15649033e+00
 -2.10261369e+00 -1.49855232e+00 -4.17967558e+00 -3.50083336e-02
 -2.44405818e+00 -2.73950398e-01 -2.81890941e+00 -2.93075752e+00
 -2.73510790e+00 -4.11282349e+00 -3.03865528e+00 -1.98685372e+00
 -1.34969509e+00 -3.83536506e+00 -3.49869132e+00 -4.86101389e+00
  5.91131628e-01  5.55925012e-01  5.63748240e-01  5.96441031e-01
  5.60560644e-01  5.81000149e-01  6.30258918e-01  6.33526623e-01
  6.10333979e-01  5.90349078e-01  6.05933726e-01  5.69338977e-01
  1.97441218e+01  1.23515073e+01  1.54404997e+01  1.38880288e+01
  1.51544843e+01  1.57915284e+01  3.85293347e+01]",norm
"[-6.87243042e+02  5.89654121e+01 -2.75305301e-01  1.62646523e+01
  4.04091597e+00  5.84897566e+00 -4.35692358e+00 -4.30223560e+00
 -1.28835058e+01 -8.71249735e-01 -1.07772851e+00  6.02448881e-01
 -1.39047337e+00 -9.73914146e-01 -2.78249454e+00  3.29650021e+00
 -5.66150379e+00 -8.97662759e-01 -1.06604517e+00  2.00081825e-01
 -5.47590351e+00 -1.33940041e+00 -1.73606348e+00 -2.39675379e+00
 -2.23729038e+00 -9.26455557e-01 -4.14327812e+00 -1.49598554e-01
 -1.98122072e+00  2.11011514e-01 -2.10901761e+00 -2.54975772e+00
 -2.45288348e+00 -3.23718214e+00 -2.73627019e+00 -1.98376083e+00
 -4.03978944e-01 -3.01636624e+00 -2.83968878e+00 -3.95722914e+00
  6.28981471e-01  5.77675939e-01  5.04620731e-01  4.94464397e-01
  5.73015928e-01  5.94609678e-01  5.41330397e-01  5.92730224e-01
  6.14983618e-01  5.63818634e-01  5.72124004e-01  5.97341239e-01
  2.04964994e+01  1.16482940e+01  1.55913922e+01  1.53625595e+01
  1.52822282e+01  1.60678574e+01  3.83406763e+01]",norm
